invoice_number,status,reason,invoice_date,vendor_id,vendor_name_on_invoice,po_number,sku,uom,qty,rate,taxable_value,gst_rate_pct,gst_amount,invoice_total,raw_missing_po,raw_vendor_mismatch,raw_uom_mismatch,raw_qty_mismatch,raw_rate_mismatch,raw_gst_error,raw_duplicate,raw_flag_count
SST00139,GST_ERROR,"GST mismatch: invoice=9023.6, expected=13535.4, diff=4511.80",2025-06-14,V-1041,Sunrise Steel Traders & Co,PO/2026/1546,BV-111,Nos,13,5784.36,75196.68,18,9023.6,84220.28,False,False,False,False,False,True,False,1
AST00245,CLEAN,All checks passed,2025-10-18,FTV-1045,Accurate Steel Traders,PO/2026/1589,FT-1400,Nos,20,52286.02,1045720.4,18,188229.67,1233950.07,False,False,False,False,False,False,False,0
INV-DPP-0229,CLEAN,All checks passed,2025-08-15,FTV-1050,Deccan Polymers Pvt Ltd,PO/2026/1464,CP-155,Nos,6,145245.26,871471.56,18,156864.88,1028336.44,False,False,False,False,False,False,False,0
SH00059,CLEAN,All checks passed,2026-04-12,V-1022,Sharma Hydraulics,PO/2026/1593,GV-133,Nos,190,1450.43,275581.7,18,49604.71,325186.41,False,False,False,False,False,False,False,0
INV-SP&-0294,MISSING_PO,PO 'PO/2026/9019' not found in purchase order master,2025-11-12,V-1040,Sharma Packaging & Co,PO/2026/9019,GV-107,Nos,121,9270.93,1121782.53,18,201920.86,1323703.39,True,False,False,False,False,False,False,1
SF&/2026/236,CLEAN,All checks passed,2026-03-14,V-1002,Sharma Forgings & Co,PO/2026/1436,FT-1407,Nos,6,74143.67,444862.02,18,80075.16,524937.18,False,False,False,False,False,False,False,0
INV-JEW-0156,CLEAN,All checks passed,2025-08-03,V-1023,Jyoti Engineering Works,PO/2026/1630,CP-103,Nos,20,66025.75,1320515.0,18,237692.7,1558207.7,False,False,False,False,False,False,False,0
INV-SP&-0295,CLEAN,All checks passed,2025-06-09,V-1040,Sharma Packaging & Co,PO/2026/1632,CP-152,Nos,18,84336.75,1518061.5,18,273251.07,1791312.57,False,False,False,False,False,False,False,0
INV-KP&-0282,CLEAN,All checks passed,2026-04-05,V-1043,Krishna Packaging & Co,PO/2026/1482,FT-1407,Nos,5,77929.94,389649.7,18,70136.95,459786.65,False,False,False,False,False,False,False,0
TRP00185,CLEAN,All checks passed,2025-09-29,V-1033,Trimurti Rubber Products Pvt Ltd,PO/2026/1649,FT-1407,Nos,10,83198.82,831988.2,18,149757.88,981746.08,False,False,False,False,False,False,False,0
KM/2026/162,CLEAN,All checks passed,2025-11-05,FTV-1046,Kohinoor Metals,PO/2026/1424,CP-163,Nos,9,67245.67,605211.03,18,108937.99,714149.02,False,False,False,False,False,False,False,0
INV-SH-0065,CLEAN,All checks passed,2026-03-27,V-1027,Shakti Hydraulics,PO/2026/1576,SM-121,Nos,12,41880.91,502570.92,18,90462.77,593033.69,False,False,False,False,False,False,False,0
INV-NP-0065,RATE_MISMATCH,"Rate mismatch: invoice=24088.78, PO=22909.38, diff=1179.40",2025-07-06,V-1019,National Packaging,PO/2026/1418,BV-109,Nos,117,24088.78,2818387.26,18,507309.71,3325696.97,False,False,False,False,True,False,False,1
UH00045,CLEAN,All checks passed,2025-06-20,V-1038,Universal Hydraulics,PO/2026/1587,CP-105,Nos,5,126738.59,633692.95,18,114064.73,747757.68,False,False,False,False,False,False,False,0
JB&00290,QTY_MISMATCH,"Quantity mismatch: invoice=32.0, PO=27.0",2026-01-15,V-1015,Jyoti Bearings & Co,PO/2026/1497,GV-111,Nos,32,19216.75,614936.0,18,110688.48,725624.48,False,False,False,True,False,False,False,1
INV-OPP-0083,VENDOR_MISMATCH,Vendor ID on invoice differs from PO,2026-06-07,V-1060,OM POLYMERS PVT. LTD.,PO/2026/1547,GV-126,Nos,72,22104.63,1591533.36,18,286476.0,1878009.36,False,True,False,False,False,False,False,1
DPP/2026/230,MISSING_PO,PO 'PO/2026/9358' not found in purchase order master,2025-06-26,FTV-1050,Deccan Polymers Pvt Ltd,PO/2026/9358,CP-137,Nos,6,181670.54,1090023.24,18,196204.18,1286227.42,True,False,False,False,False,False,False,1
OC00160,CLEAN,All checks passed,2026-04-26,V-1021,Om Castings,PO/2026/1481,CP-147,Nos,3,128425.54,385276.62,18,69349.79,454626.41,False,False,False,False,False,False,False,0
AST00246,RATE_MISMATCH,"Rate mismatch: invoice=105549.29, PO=101382.6, diff=4166.69",2025-06-08,FTV-1045,Accurate Steel Traders,PO/2026/1641,SM-111,Nos,3,105549.29,316647.87,18,56996.62,373644.49,False,False,False,False,True,False,False,1
GEP/2026/203,CLEAN,All checks passed,2025-07-05,V-1020,Ganesh Electricals Pvt Ltd,PO/2026/1451,GV-124,Nos,124,16323.31,2024090.44,18,364336.28,2388426.72,False,False,False,False,False,False,False,0
UH/2026/042,CLEAN,All checks passed,2025-06-07,V-1038,Universal Hydraulics,PO/2026/1484,BV-112,Nos,9,1580.18,14221.62,18,2559.89,16781.51,False,False,False,False,False,False,False,0
HM&/2026/143,CLEAN,All checks passed,2025-12-18,V-1025,Hindustan Metals & Co,PO/2026/1603,CP-107,Nos,16,54014.01,864224.16,18,155560.35,1019784.51,False,False,False,False,False,False,False,0
SF&00238,CLEAN,All checks passed,2026-02-21,V-1002,Sharma Forgings & Co,PO/2026/1516,BV-120,Nos,46,23767.61,1093310.06,18,196795.81,1290105.87,False,False,False,False,False,False,False,0
NP00066,RATE_MISMATCH,"Rate mismatch: invoice=5149.6, PO=4865.23, diff=284.37",2026-07-29,V-1019,National Packaging,PO/2026/1469,GV-128,Nos,174,5149.6,896030.4,18,161285.47,1057315.87,False,False,False,False,True,False,False,1
SH00053,CLEAN,All checks passed,2026-01-21,V-1022,Sharma Hydraulics,PO/2026/1584,BV-124,Nos,91,14737.12,1341077.92,18,241394.03,1582471.95,False,False,False,False,False,False,False,0
INV-PIS-0299,CLEAN,All checks passed,2025-11-24,V-1018,Perfect Industrial Supplies Pvt Ltd,PO/2026/1453,CP-173,Nos,1,27920.14,27920.14,18,5025.63,32945.77,False,False,False,False,False,False,False,0
DPP00231,CLEAN,All checks passed,2025-05-26,FTV-1050,Deccan Polymers Pvt Ltd,PO/2026/1534,BV-124,Nos,36,14735.67,530484.12,18,95487.14,625971.26,False,False,False,False,False,False,False,0
INV-SH-0057,CLEAN,All checks passed,2026-04-12,V-1027,Shakti Hydraulics,PO/2026/1624,GV-123,Nos,172,5283.4,908744.8,18,163574.06,1072318.86,False,False,False,False,False,False,False,0
SH/2026/064,CLEAN,All checks passed,2025-09-13,V-1027,Shakti Hydraulics,PO/2026/1588,CP-149,Nos,3,153082.64,459247.92,18,82664.63,541912.55,False,False,False,False,False,False,False,0
KP00196,CLEAN,All checks passed,2025-06-13,V-1003,Krishna Polymers,PO/2026/1431,FT-1428,Nos,10,73394.63,733946.3,18,132110.33,866056.63,False,False,False,False,False,False,False,0
HP00212,CLEAN,All checks passed,2025-04-25,V-1037,Hindustan Polymers,PO/2026/1590,GV-101,Nos,169,9108.49,1539334.81,18,277080.27,1816415.08,False,False,False,False,False,False,False,0
INV-TRP-0186,UOM_MISMATCH,"UOM mismatch: invoice='Box(10)', PO='Nos'",2026-06-18,V-1033,Trimurti Rubber Products Pvt Ltd,PO/2026/1503,SP-103,Box(10),20,57816.5,1156330.0,18,208139.4,1364469.4,False,False,True,False,False,False,False,1
KP/2026/193,CLEAN,All checks passed,2025-05-22,V-1003,Krishna Polymers,PO/2026/1625,SM-135,Nos,14,24833.68,347671.52,18,62580.87,410252.39,False,False,False,False,False,False,False,0
JC00145,CLEAN,All checks passed,2026-04-02,V-1005,Jyoti Castings,PO/2026/1430,GV-132,Nos,22,8886.29,195498.38,18,35189.71,230688.09,False,False,False,False,False,False,False,0
SVS/2026/266,RATE_MISMATCH,"Rate mismatch: invoice=76200.7, PO=70295.23, diff=5905.47",2026-07-11,V-1010,Sri Venkatesh Seals & Gaskets,PO/2026/1571,FT-1477,Nos,11,76200.7,838207.7,18,150877.39,989085.09,False,False,False,False,True,False,False,1
ME/2026/051,CLEAN,All checks passed,2026-06-17,V-1006,Micro Electricals,PO/2026/1622,BV-109,Nos,113,22871.26,2584452.38,18,465201.43,3049653.81,False,False,False,False,False,False,False,0
INV-SST-0137,CLEAN,All checks passed,2025-08-10,V-1041,Sunrise Steel Traders & Co,PO/2026/1572,SP-117,Nos,200,6171.52,1234304.0,18,222174.72,1456478.72,False,False,False,False,False,False,False,0
NEW/2026/048,CLEAN,All checks passed,2025-06-03,V-1007,National Engineering Works Pvt Ltd,PO/2026/1605,SM-103,Nos,4,58024.52,232098.08,18,41777.65,273875.73,False,False,False,False,False,False,False,0
NP00060,CLEAN,All checks passed,2025-09-25,V-1035,Nirmal Packaging,PO/2026/1608,GV-126,Nos,8,21315.19,170521.52,18,30693.87,201215.39,False,False,False,False,False,False,False,0
JCP00153,VENDOR_MISMATCH,Vendor ID on invoice differs from PO,2026-01-18,V-1057,JYOTI CASTINGS PVT. LTD.,PO/2026/1513,BV-128,Nos,8,1930.13,15441.04,18,2779.39,18220.43,False,True,False,False,False,False,False,1
UH00044,CLEAN,All checks passed,2026-03-14,V-1038,Universal Hydraulics,PO/2026/1447,CP-129,Nos,1,67631.75,67631.75,18,12173.72,79805.47,False,False,False,False,False,False,False,0
EF00154,CLEAN,All checks passed,2026-01-22,V-1012,Everest Fasteners,PO/2026/1619,SM-103,Nos,6,57149.96,342899.76,18,61721.96,404621.72,False,False,False,False,False,False,False,0
INV-SVS-0268,CLEAN,All checks passed,2026-07-03,V-1010,Sri Venkatesh Seals & Gaskets,PO/2026/1434,SP-107,Nos,30,190.96,5728.8,18,1031.18,6759.98,False,False,False,False,False,False,False,0
INV-GEP-0202,CLEAN,All checks passed,2026-05-30,V-1020,Ganesh Electricals Pvt Ltd,PO/2026/1505,SM-134,Nos,1,17773.06,17773.06,18,3199.15,20972.21,False,False,False,False,False,False,False,0
SVB/2026/104,RATE_MISMATCH,"Rate mismatch: invoice=5990.77, PO=5626.37, diff=364.40",2025-06-12,V-1029,Sri Venkatesh Bearings,PO/2026/1633,SP-103,Nos,20,5990.77,119815.4,18,21566.77,141382.17,False,False,False,False,True,False,False,1
INV-MEW-0186,GST_ERROR,"GST mismatch: invoice=444177.92, expected=285542.95, diff=158634.97",2026-05-06,V-1024,Mahalaxmi Engineering Works,PO/2026/1452,CP-143,Nos,18,88130.54,1586349.72,18,444177.92,2030527.64,False,False,False,False,False,True,False,1
PIS/2026/300,CLEAN,All checks passed,2026-04-12,V-1018,Perfect Industrial Supplies Pvt Ltd,PO/2026/1490,SP-118,Nos,30,430.48,12914.4,18,2324.59,15238.99,False,False,False,False,False,False,False,0
INV-PIS-0298,QTY_MISMATCH,"Quantity mismatch: invoice=5.0, PO=4.0",2025-06-02,V-1018,Perfect Industrial Supplies Pvt Ltd,PO/2026/1618,CP-117,Nos,5,49414.76,247073.8,18,44473.28,291547.08,False,False,False,True,False,False,False,1
INV-RST-0068,CLEAN,All checks passed,2026-01-24,V-1013,Reliable Steel Traders,PO/2026/1442,CP-119,Nos,13,118300.15,1537901.95,18,276822.35,1814724.3,False,False,False,False,False,False,False,0
HM&00144,CLEAN,All checks passed,2025-05-14,V-1025,Hindustan Metals & Co,PO/2026/1586,BV-118,Nos,83,11555.87,959137.21,18,172644.7,1131781.91,False,False,False,False,False,False,False,0
ATP/2026/251,VENDOR_MISMATCH,Vendor ID on invoice differs from PO,2026-04-29,V-1056,APEX TOOLS PVT. LTD.,PO/2026/1417,FT-1435,Nos,3,13806.88,41420.64,18,7455.72,48876.36,False,True,False,False,False,False,False,1
INV-SB&-0079,CLEAN,All checks passed,2026-05-28,V-1011,Sharma Bearings & Co,PO/2026/1416,SM-127,Nos,10,68362.64,683626.4,18,123052.75,806679.15,False,False,False,False,False,False,False,0
UP/2026/148,CLEAN,All checks passed,2025-07-28,V-1039,Universal Polymers,PO/2026/1566,CP-117,Nos,2,44885.16,89770.32,18,16158.66,105928.98,False,False,False,False,False,False,False,0
EF00153,CLEAN,All checks passed,2025-07-29,V-1012,Everest Fasteners,PO/2026/1639,SP-107,Nos,10,203.04,2030.4,18,365.47,2395.87,False,False,False,False,False,False,False,0
INV-PCP-0156,CLEAN,All checks passed,2025-07-19,V-1017,Pioneer Castings Pvt Ltd,PO/2026/1544,BV-123,Nos,67,2720.1,182246.7,18,32804.41,215051.11,False,False,False,False,False,False,False,0
INV-MF&-0087,GST_ERROR,"GST mismatch: invoice=278741.96, expected=179191.26, diff=99550.70",2026-06-08,V-1026,Micro Fasteners & Co,PO/2026/1651,CP-114,Nos,10,99550.7,995507.0,18,278741.96,1274248.96,False,False,False,False,False,True,False,1
SH00063,MISSING_PO,PO 'PO/2026/9072' not found in purchase order master,2025-10-13,V-1027,Shakti Hydraulics,PO/2026/9072,GV-131,Nos,131,7968.19,1043832.89,18,187889.92,1231722.81,True,False,False,False,False,False,False,1
EF/2026/156,MISSING_PO,PO 'PO/2026/9125' not found in purchase order master,2026-02-18,V-1009,Everest Forgings,PO/2026/9125,BV-124,Nos,13,17773.86,231060.18,18,41590.83,272651.01,True,False,False,False,False,False,False,1
PIS/2026/297,CLEAN,All checks passed,2026-05-02,V-1018,Perfect Industrial Supplies Pvt Ltd,PO/2026/1642,SM-116,Nos,6,93566.23,561397.38,18,101051.53,662448.91,False,False,False,False,False,False,False,0
INV-NP-0061,CLEAN,All checks passed,2025-08-15,V-1019,National Packaging,PO/2026/1645,BV-111,Nos,106,5217.48,553052.88,18,99549.52,652602.4,False,False,False,False,False,False,False,0
RFP/2026/188,GST_ERROR,"GST mismatch: invoice=177503.23, expected=114109.22, diff=63394.01",2026-03-22,V-1008,Reliable Fasteners Pvt Ltd,PO/2026/1543,FT-1477,Nos,9,70437.79,633940.11,18,177503.23,811443.34,False,False,False,False,False,True,False,1
GEW00126,CLEAN,All checks passed,2026-01-17,FTV-1052,Ganesh Engineering Works,PO/2026/1637,SM-118,Nos,9,30717.76,276459.84,18,49762.77,326222.61,False,False,False,False,False,False,False,0
SRP00275,CLEAN,All checks passed,2025-05-27,FTV-1049,Sunrise Rubber Products Pvt Ltd,PO/2026/1465,CP-152,Nos,5,96329.43,481647.15,18,86696.49,568343.64,False,False,False,False,False,False,False,0
PP/2026/279,CLEAN,All checks passed,2026-04-27,FTV-1051,Precision Packaging,PO/2026/1595,CP-172,Nos,13,83468.79,1085094.27,18,195316.97,1280411.24,False,False,False,False,False,False,False,0
INV-PFP-0109,VENDOR_MISMATCH,Vendor ID on invoice differs from PO,2026-03-17,V-1059,PERFECT FORGINGS PVT. LTD.,PO/2026/1620,BV-111,Nos,111,5007.42,555823.62,18,100048.25,655871.87,False,True,False,False,False,False,False,1
SVB00103,CLEAN,All checks passed,2026-03-06,V-1029,Sri Venkatesh Bearings,PO/2026/1428,GV-116,Nos,177,16155.61,2859542.97,18,514717.73,3374260.7,False,False,False,False,False,False,False,0
INV-KF-0207,CLEAN,All checks passed,2025-05-04,V-1030,Krishna Forgings,PO/2026/1522,SM-139,Nos,5,73847.72,369238.6,18,66462.95,435701.55,False,False,False,False,False,False,False,0
AT00125,QTY_MISMATCH,"Quantity mismatch: invoice=4.0, PO=3.0",2025-07-06,V-1042,Apex Tools,PO/2026/1540,CP-134,Nos,4,156740.76,626963.04,18,112853.35,739816.39,False,False,False,True,False,False,False,1
ATP00249,VENDOR_MISMATCH,Vendor ID on invoice differs from PO,2026-07-12,V-1056,APEX TOOLS PVT. LTD.,PO/2026/1578,CP-159,Nos,16,100361.33,1605781.28,18,289040.63,1894821.91,False,True,False,False,False,False,False,1
INV-KP&-0284,MISSING_PO,PO 'PO/2026/9326' not found in purchase order master,2025-06-05,V-1043,Krishna Packaging & Co,PO/2026/9326,GV-124,Nos,114,17764.81,2025188.34,18,364533.9,2389722.24,True,False,False,False,False,False,False,1
SST00136,GST_ERROR,"GST mismatch: invoice=4552.85, expected=6829.28, diff=2276.43",2025-12-25,V-1041,Sunrise Steel Traders & Co,PO/2026/1541,SM-118,Nos,1,37940.42,37940.42,18,4552.85,42493.27,False,False,False,False,False,True,False,1
MF&/2026/086,CLEAN,All checks passed,2025-08-15,V-1026,Micro Fasteners & Co,PO/2026/1659,BV-115,Nos,80,12629.72,1010377.6,18,181867.97,1192245.57,False,False,False,False,False,False,False,0
HM&/2026/142,CLEAN,All checks passed,2025-08-24,V-1025,Hindustan Metals & Co,PO/2026/1486,SM-111,Nos,15,121998.56,1829978.4,18,329396.11,2159374.51,False,False,False,False,False,False,False,0
MRP00231,CLEAN,All checks passed,2026-01-03,V-1004,Mahalaxmi Rubber Products Pvt Ltd,PO/2026/1405,GV-126,Nos,91,23420.5,2131265.5,18,383627.79,2514893.29,False,False,False,False,False,False,False,0
NEW/2026/050,RATE_MISMATCH,"Rate mismatch: invoice=25428.21, PO=24213.03, diff=1215.18",2026-02-03,V-1007,National Engineering Works Pvt Ltd,PO/2026/1512,GV-105,Nos,39,25428.21,991700.19,18,178506.03,1170206.22,False,False,False,False,True,False,False,1
INV-PFP-0107,VENDOR_MISMATCH,Vendor ID on invoice differs from PO,2026-08-01,V-1059,PERFECT FORGINGS PVT. LTD.,PO/2026/1413,CP-119,Nos,1,130338.02,130338.02,18,23460.84,153798.86,False,True,False,False,False,False,False,1
AS&/2026/120,QTY_MISMATCH,"Quantity mismatch: invoice=176.0, PO=152.0",2026-06-29,V-1034,Apex Seals & Gaskets & Co,PO/2026/1483,GV-131,Nos,176,8187.76,1441045.76,18,259388.24,1700434.0,False,False,False,True,False,False,False,1
SH/2026/055,CLEAN,All checks passed,2025-09-20,V-1022,Sharma Hydraulics,PO/2026/1607,GV-135,Nos,7,15037.04,105259.28,18,18946.67,124205.95,False,False,False,False,False,False,False,0
INV-SEW-0165,RATE_MISMATCH,"Rate mismatch: invoice=129875.93, PO=119477.13, diff=10398.80",2026-01-15,V-1032,Shakti Engineering Works,PO/2026/1514,SM-111,Nos,12,129875.93,1558511.16,18,280532.01,1839043.17,False,False,False,False,True,False,False,1
INV-SRP-0277,UOM_MISMATCH,"UOM mismatch: invoice='Box(10)', PO='Nos'",2025-11-29,FTV-1049,Sunrise Rubber Products Pvt Ltd,PO/2026/1554,SP-110,Box(10),1,23104.0,23104.0,18,4158.72,27262.72,False,False,True,False,False,False,False,1
PCP00155,RATE_MISMATCH,"Rate mismatch: invoice=14448.98, PO=13556.55, diff=892.43",2026-03-17,V-1017,Pioneer Castings Pvt Ltd,PO/2026/1657,BV-118,Nos,97,14448.98,1401551.06,18,252279.19,1653830.25,False,False,False,False,True,False,False,1
SB&00081,CLEAN,All checks passed,2025-07-07,V-1011,Sharma Bearings & Co,PO/2026/1536,BV-103,Nos,28,14552.05,407457.4,18,73342.33,480799.73,False,False,False,False,False,False,False,0
NP/2026/059,CLEAN,All checks passed,2026-03-21,V-1019,National Packaging,PO/2026/1558,BV-103,Nos,23,16066.34,369525.82,18,66514.65,436040.47,False,False,False,False,False,False,False,0
INV-KP-0191,CLEAN,All checks passed,2026-01-03,V-1003,Krishna Polymers,PO/2026/1526,SP-107,Nos,10,207.45,2074.5,18,373.41,2447.91,False,False,False,False,False,False,False,0
INV-SH-0060,QTY_MISMATCH,"Quantity mismatch: invoice=20.0, PO=19.0",2025-10-06,V-1022,Sharma Hydraulics,PO/2026/1475,CP-171,Nos,20,134441.86,2688837.2,18,483990.7,3172827.9,False,False,False,True,False,False,False,1
INV-PST-0118,QTY_MISMATCH,"Quantity mismatch: invoice=18.0, PO=15.0",2025-05-01,V-1016,Pioneer Steel Traders Pvt Ltd,PO/2026/1460,SM-134,Nos,18,21042.22,378759.96,18,68176.79,446936.75,False,False,False,True,False,False,False,1
AST00247,CLEAN,All checks passed,2026-06-07,FTV-1045,Accurate Steel Traders,PO/2026/1626,SM-124,Nos,8,110404.06,883232.48,18,158981.85,1042214.33,False,False,False,False,False,False,False,0
INV-OC-0161,CLEAN,All checks passed,2025-04-20,V-1021,Om Castings,PO/2026/1476,SP-107,Nos,150,211.01,31651.5,18,5697.27,37348.77,False,False,False,False,False,False,False,0
INV-SVS-0269,QTY_MISMATCH,"Quantity mismatch: invoice=7.0, PO=6.0",2025-12-19,V-1010,Sri Venkatesh Seals & Gaskets,PO/2026/1643,CP-162,Nos,7,87696.42,613874.94,18,110497.49,724372.43,False,False,False,True,False,False,False,1
TRP/2026/188,CLEAN,All checks passed,2025-05-20,V-1033,Trimurti Rubber Products Pvt Ltd,PO/2026/1613,BV-118,Nos,67,12294.85,823754.95,18,148275.89,972030.84,False,False,False,False,False,False,False,0
INV-REW-0249,CLEAN,All checks passed,2026-08-05,FTV-1047,Reliable Engineering Works & Co,PO/2026/1614,SM-134,Nos,7,21032.4,147226.8,18,26500.82,173727.62,False,False,False,False,False,False,False,0
PST00116,UOM_MISMATCH,"UOM mismatch: invoice='Box(10)', PO='Nos'",2026-08-01,V-1016,Pioneer Steel Traders Pvt Ltd,PO/2026/1509,GV-135,Box(10),6,150699.7,904198.2,18,162755.68,1066953.88,False,False,True,False,False,False,False,1
ST&00256,QTY_MISMATCH,"Quantity mismatch: invoice=19.0, PO=16.0",2025-10-09,V-1031,Supreme Tools & Co,PO/2026/1446,FT-1414,Nos,19,59835.85,1136881.15,18,204638.61,1341519.76,False,False,False,True,False,False,False,1
MRP00234,CLEAN,All checks passed,2025-06-04,V-1004,Mahalaxmi Rubber Products Pvt Ltd,PO/2026/1628,FT-1449,Nos,12,81244.94,974939.28,18,175489.07,1150428.35,False,False,False,False,False,False,False,0
PFP00110,CLEAN,All checks passed,2025-05-19,V-1014,Perfect Forgings Pvt Ltd,PO/2026/1524,CP-117,Nos,14,55469.76,776576.64,18,139783.8,916360.44,False,False,False,False,False,False,False,0
SRP00278,CLEAN,All checks passed,2025-07-03,FTV-1049,Sunrise Rubber Products Pvt Ltd,PO/2026/1474,CP-136,Nos,18,150729.44,2713129.92,18,488363.39,3201493.31,False,False,False,False,False,False,False,0
INV-OC-0159,CLEAN,All checks passed,2025-06-02,V-1021,Om Castings,PO/2026/1494,SM-114,Nos,11,57005.9,627064.9,18,112871.68,739936.58,False,False,False,False,False,False,False,0
DPP00235,CLEAN,All checks passed,2026-04-21,FTV-1050,Deccan Polymers Pvt Ltd,PO/2026/1604,CP-165,Nos,4,51471.31,205885.24,18,37059.34,242944.58,False,False,False,False,False,False,False,0
INV-GEP-0201,CLEAN,All checks passed,2026-03-28,V-1020,Ganesh Electricals Pvt Ltd,PO/2026/1602,CP-114,Nos,11,96415.62,1060571.82,18,190902.93,1251474.75,False,False,False,False,False,False,False,0
EF00152,RATE_MISMATCH,"Rate mismatch: invoice=4171.35, PO=3834.47, diff=336.88",2026-04-09,V-1009,Everest Forgings,PO/2026/1565,SP-109,Nos,200,4171.35,834270.0,18,150168.6,984438.6,False,False,False,False,True,False,False,1
INV-GS&-0222,RATE_MISMATCH,"Rate mismatch: invoice=101758.91, PO=97085.81, diff=4673.10",2026-06-26,V-1028,Ganesh Seals & Gaskets,PO/2026/1564,SM-108,Nos,15,101758.91,1526383.65,18,274749.06,1801132.71,False,False,False,False,True,False,False,1
JC00141,CLEAN,All checks passed,2025-06-26,V-1005,Jyoti Castings,PO/2026/1570,CP-110,Nos,7,143562.43,1004937.01,18,180888.66,1185825.67,False,False,False,False,False,False,False,0
JEW00159,CLEAN,All checks passed,2026-06-20,V-1023,Jyoti Engineering Works,PO/2026/1521,CP-111,Nos,6,13804.82,82828.92,18,14909.21,97738.13,False,False,False,False,False,False,False,0
PP/2026/277,QTY_MISMATCH,"Quantity mismatch: invoice=24.0, PO=20.0",2026-01-05,FTV-1051,Precision Packaging,PO/2026/1457,SP-126,Nos,24,7256.51,174156.24,18,31348.12,205504.36,False,False,False,True,False,False,False,1
SH00061,UOM_MISMATCH,"UOM mismatch: invoice='Box(10)', PO='Nos'",2026-04-14,V-1027,Shakti Hydraulics,PO/2026/1629,BV-128,Box(10),2,19481.4,38962.8,18,7013.3,45976.1,False,False,True,False,False,False,False,1
ATP00250,VENDOR_MISMATCH,Vendor ID on invoice differs from PO,2025-11-27,V-1056,APEX TOOLS PVT. LTD.,PO/2026/1420,FT-1456,Nos,7,25651.39,179559.73,18,32320.75,211880.48,False,True,False,False,False,False,False,1
KM00164,CLEAN,All checks passed,2025-11-02,FTV-1046,Kohinoor Metals,PO/2026/1650,CP-163,Nos,6,77271.6,463629.6,18,83453.33,547082.93,False,False,False,False,False,False,False,0
PFP00106,CLEAN,All checks passed,2025-12-18,V-1014,Perfect Forgings Pvt Ltd,PO/2026/1495,CP-158,Nos,4,41568.8,166275.2,18,29929.54,196204.74,False,False,False,False,False,False,False,0
SP&/2026/292,MISSING_PO,PO 'PO/2026/9391' not found in purchase order master,2025-12-13,V-1040,Sharma Packaging & Co,PO/2026/9391,CP-149,Nos,12,170494.77,2045937.24,18,368268.7,2414205.94,True,False,False,False,False,False,False,1
NP/2026/067,CLEAN,All checks passed,2025-08-04,V-1019,National Packaging,PO/2026/1631,CP-107,Nos,11,59550.14,655051.54,18,117909.28,772960.82,False,False,False,False,False,False,False,0
RFP/2026/190,CLEAN,All checks passed,2026-01-07,V-1008,Reliable Fasteners Pvt Ltd,PO/2026/1611,GV-141,Nos,71,15677.65,1113113.15,18,200360.37,1313473.52,False,False,False,False,False,False,False,0
INV-JCP-0155,VENDOR_MISMATCH,Vendor ID on invoice differs from PO,2026-03-08,V-1057,JYOTI CASTINGS PVT. LTD.,PO/2026/1523,CP-105,Nos,17,105021.68,1785368.56,18,321366.34,2106734.9,False,True,False,False,False,False,False,1
GEP/2026/198,CLEAN,All checks passed,2026-06-16,V-1020,Ganesh Electricals Pvt Ltd,PO/2026/1506,BV-124,Nos,108,14828.53,1601481.24,18,288266.62,1889747.86,False,False,False,False,False,False,False,0
INV-KM-0163,CLEAN,All checks passed,2026-05-04,FTV-1046,Kohinoor Metals,PO/2026/1530,CP-147,Nos,18,131407.09,2365327.62,18,425758.97,2791086.59,False,False,False,False,False,False,False,0
KP00192,CLEAN,All checks passed,2025-04-30,V-1003,Krishna Polymers,PO/2026/1568,GV-126,Nos,55,22178.0,1219790.0,18,219562.2,1439352.2,False,False,False,False,False,False,False,0
INV-KP&-0283,CLEAN,All checks passed,2025-12-02,V-1043,Krishna Packaging & Co,PO/2026/1574,SP-113,Nos,10,3181.73,31817.3,18,5727.11,37544.41,False,False,False,False,False,False,False,0
INV-HP-0210,UOM_MISMATCH,"UOM mismatch: invoice='Box(10)', PO='Nos'",2026-01-17,V-1037,Hindustan Polymers,PO/2026/1438,BV-106,Box(10),2,141429.6,282859.2,18,50914.66,333773.86,False,False,True,False,False,False,False,1
OP00277,CLEAN,All checks passed,2025-05-12,V-1001,Om Polymers,PO/2026/1647,SP-122,Nos,30,7394.59,221837.7,18,39930.79,261768.49,False,False,False,False,False,False,False,0
RST/2026/066,UOM_MISMATCH,"UOM mismatch: invoice='Box(10)', PO='Nos'",2025-11-10,V-1013,Reliable Steel Traders,PO/2026/1472,SP-107,Box(10),15,1995.6,29934.0,18,5388.12,35322.12,False,False,True,False,False,False,False,1
RTP00189,CLEAN,All checks passed,2026-03-25,FTV-1048,Reliable Tools Pvt Ltd,PO/2026/1515,BV-120,Nos,21,19884.16,417567.36,18,75162.12,492729.48,False,False,False,False,False,False,False,0
INV-OC-0163,CLEAN,All checks passed,2025-09-12,V-1021,Om Castings,PO/2026/1591,SM-104,Nos,10,53027.96,530279.6,18,95450.33,625729.93,False,False,False,False,False,False,False,0
HP/2026/215,CLEAN,All checks passed,2026-07-17,V-1037,Hindustan Polymers,PO/2026/1600,CP-108,Nos,2,118516.35,237032.7,18,42665.89,279698.59,False,False,False,False,False,False,False,0
INV-RFP-0189,QTY_MISMATCH,"Quantity mismatch: invoice=16.0, PO=14.0",2025-08-05,V-1008,Reliable Fasteners Pvt Ltd,PO/2026/1493,FT-1428,Nos,16,65955.47,1055287.52,18,189951.75,1245239.27,False,False,False,True,False,False,False,1
INV-UH-0043,RATE_MISMATCH,"Rate mismatch: invoice=8655.47, PO=8096.52, diff=558.95",2025-04-30,V-1038,Universal Hydraulics,PO/2026/1466,GV-132,Nos,65,8655.47,562605.55,18,101269.0,663874.55,False,False,False,False,True,False,False,1
MEW/2026/189,CLEAN,All checks passed,2025-11-16,V-1024,Mahalaxmi Engineering Works,PO/2026/1461,CP-146,Nos,18,56876.13,1023770.34,18,184278.66,1208049.0,False,False,False,False,False,False,False,0
RTP/2026/187,CLEAN,All checks passed,2026-01-07,FTV-1048,Reliable Tools Pvt Ltd,PO/2026/1441,SP-109,Nos,100,4175.08,417508.0,18,75151.44,492659.44,False,False,False,False,False,False,False,0
PCP00153,UOM_MISMATCH,"UOM mismatch: invoice='Box(10)', PO='Nos'",2026-01-15,V-1017,Pioneer Castings Pvt Ltd,PO/2026/1421,SP-114,Box(10),3,6069.6,18208.8,18,3277.58,21486.38,False,False,True,False,False,False,False,1
INV-KP-0195,CLEAN,All checks passed,2025-11-13,V-1003,Krishna Polymers,PO/2026/1528,CP-129,Nos,6,76706.2,460237.2,18,82842.7,543079.9,False,False,False,False,False,False,False,0
INV-JC-0143,CLEAN,All checks passed,2025-09-20,V-1005,Jyoti Castings,PO/2026/1443,GV-126,Nos,138,22921.45,3163160.1,18,569368.82,3732528.92,False,False,False,False,False,False,False,0
INV-OC-0165,MISSING_PO,PO 'PO/2026/9155' not found in purchase order master,2025-05-16,V-1021,Om Castings,PO/2026/9155,FT-1414,Nos,6,55340.7,332044.2,18,59767.96,391812.16,True,False,False,False,False,False,False,1
RFP00192,CLEAN,All checks passed,2026-06-30,V-1008,Reliable Fasteners Pvt Ltd,PO/2026/1529,CP-146,Nos,1,57579.67,57579.67,18,10364.34,67944.01,False,False,False,False,False,False,False,0
JCP00154,VENDOR_MISMATCH,Vendor ID on invoice differs from PO,2026-05-04,V-1057,JYOTI CASTINGS PVT. LTD.,PO/2026/1575,CP-136,Nos,14,133735.57,1872297.98,18,337013.64,2209311.62,False,True,False,False,False,False,False,1
GS&00223,CLEAN,All checks passed,2026-02-13,V-1028,Ganesh Seals & Gaskets,PO/2026/1560,SM-103,Nos,1,61228.82,61228.82,18,11021.19,72250.01,False,False,False,False,False,False,False,0
INV-ST&-0258,CLEAN,All checks passed,2026-03-16,V-1031,Supreme Tools & Co,PO/2026/1652,FT-1435,Nos,18,14025.43,252457.74,18,45442.39,297900.13,False,False,False,False,False,False,False,0
INV-NEW-0049,CLEAN,All checks passed,2025-06-16,V-1007,National Engineering Works Pvt Ltd,PO/2026/1542,FT-1470,Nos,14,79038.36,1106537.04,18,199176.67,1305713.71,False,False,False,False,False,False,False,0
INV-JB&-0288,UOM_MISMATCH,"UOM mismatch: invoice='Box(10)', PO='Nos'",2025-07-03,V-1015,Jyoti Bearings & Co,PO/2026/1621,SM-103,Box(10),1,664477.5,664477.5,18,119605.95,784083.45,False,False,True,False,False,False,False,1
SH/2026/056,QTY_MISMATCH,"Quantity mismatch: invoice=111.0, PO=104.0",2025-11-17,V-1022,Sharma Hydraulics,PO/2026/1485,GV-128,Nos,111,4630.04,513934.44,18,92508.2,606442.64,False,False,False,True,False,False,False,1
INV-KM-0165,QTY_MISMATCH,"Quantity mismatch: invoice=119.0, PO=113.0",2026-03-13,FTV-1046,Kohinoor Metals,PO/2026/1596,GV-136,Nos,119,1790.95,213123.05,18,38362.15,251485.2,False,False,False,True,False,False,False,1
EF/2026/150,CLEAN,All checks passed,2025-10-08,V-1012,Everest Fasteners,PO/2026/1606,CP-125,Nos,4,148843.67,595374.68,18,107167.44,702542.12,False,False,False,False,False,False,False,0
OC00162,GST_ERROR,"GST mismatch: invoice=116401.53, expected=165687.18, diff=49285.65",2025-08-03,V-1021,Om Castings,PO/2026/1470,FT-1407,Nos,12,76707.03,920484.36,18,116401.53,1036885.89,False,False,False,False,False,True,False,1
INV-KP&-0285,CLEAN,All checks passed,2026-03-20,V-1043,Krishna Packaging & Co,PO/2026/1404,CP-108,Nos,5,121911.47,609557.35,18,109720.32,719277.67,False,False,False,False,False,False,False,0
INV-RC-0263,RATE_MISMATCH,"Rate mismatch: invoice=76935.55, PO=73119.95, diff=3815.60",2025-10-29,FTV-1054,Reliable Castings,PO/2026/1573,SM-139,Nos,7,76935.55,538548.85,18,96938.79,635487.64,False,False,False,False,True,False,False,1
INV-SRP-0274,GST_ERROR,"GST mismatch: invoice=36851.18, expected=55276.77, diff=18425.59",2026-01-02,FTV-1049,Sunrise Rubber Products Pvt Ltd,PO/2026/1423,SM-118,Nos,9,34121.46,307093.14,18,36851.18,343944.32,False,False,False,False,False,True,False,1
INV-SVB-0101,CLEAN,All checks passed,2025-11-18,V-1029,Sri Venkatesh Bearings,PO/2026/1501,BV-128,Nos,83,1710.69,141987.27,18,25557.71,167544.98,False,False,False,False,False,False,False,0
NP00069,GST_ERROR,"GST mismatch: invoice=123390.12, expected=79322.22, diff=44067.90",2025-10-24,V-1019,National Packaging,PO/2026/1579,FT-1449,Nos,5,88135.8,440679.0,18,123390.12,564069.12,False,False,False,False,False,True,False,1
TRP/2026/184,CLEAN,All checks passed,2025-06-06,V-1033,Trimurti Rubber Products Pvt Ltd,PO/2026/1433,CP-117,Nos,15,49745.61,746184.15,18,134313.15,880497.3,False,False,False,False,False,False,False,0
JB&00289,CLEAN,All checks passed,2025-05-03,V-1015,Jyoti Bearings & Co,PO/2026/1627,BV-106,Nos,120,13830.95,1659714.0,18,298748.52,1958462.52,False,False,False,False,False,False,False,0
GS&00224,GST_ERROR,"GST mismatch: invoice=42659.93, expected=55259.57, diff=12599.64",2025-11-14,V-1028,Ganesh Seals & Gaskets,PO/2026/1487,GV-129,Nos,35,8771.36,306997.6,18,42659.93,349657.53,False,False,False,False,False,True,False,1
SH/2026/054,UOM_MISMATCH,"UOM mismatch: invoice='Box(10)', PO='Nos'",2025-12-02,V-1027,Shakti Hydraulics,PO/2026/1489,SP-109,Box(10),15,40081.9,601228.5,18,108221.13,709449.63,False,False,True,False,False,False,False,1
GEP00204,DUPLICATE_INVOICE,Duplicate invoice,2025-07-28,V-1020,Ganesh Electricals Pvt Ltd,PO/2026/1451,GV-124,Nos,124,16323.31,2024090.44,18,364336.28,2388426.72,False,False,False,False,False,False,True,1
OP/2026/278,CLEAN,All checks passed,2025-10-05,V-1001,Om Polymers,PO/2026/1435,CP-158,Nos,17,42773.27,727145.59,18,130886.21,858031.8,False,False,False,False,False,False,False,0
NP00062,CLEAN,All checks passed,2025-08-23,V-1035,Nirmal Packaging,PO/2026/1615,SM-114,Nos,2,55410.87,110821.74,18,19947.91,130769.65,False,False,False,False,False,False,False,0
JEW/2026/155,UOM_MISMATCH,"UOM mismatch: invoice='Box(10)', PO='Nos'",2025-05-09,V-1023,Jyoti Engineering Works,PO/2026/1415,SP-118,Box(10),2,4578.9,9157.8,18,1648.4,10806.2,False,False,True,False,False,False,False,1
INV-SRP-0279,CLEAN,All checks passed,2025-05-26,FTV-1049,Sunrise Rubber Products Pvt Ltd,PO/2026/1496,SM-106,Nos,12,105085.8,1261029.6,18,226985.33,1488014.93,False,False,False,False,False,False,False,0
INV-SEW-0166,CLEAN,All checks passed,2026-04-09,V-1032,Shakti Engineering Works,PO/2026/1634,GV-123,Nos,113,5064.51,572289.63,18,103012.13,675301.76,False,False,False,False,False,False,False,0
MEW/2026/188,GST_ERROR,"GST mismatch: invoice=74693.32, expected=48017.13, diff=26676.19",2025-12-05,V-1024,Mahalaxmi Engineering Works,PO/2026/1567,SM-103,Nos,4,66690.46,266761.84,18,74693.32,341455.16,False,False,False,False,False,True,False,1
NP/2026/064,QTY_MISMATCH,"Quantity mismatch: invoice=38.0, PO=33.0",2026-06-11,V-1019,National Packaging,PO/2026/1410,GV-136,Nos,38,1692.72,64323.36,18,11578.2,75901.56,False,False,False,True,False,False,False,1
AT/2026/122,CLEAN,All checks passed,2025-07-24,V-1042,Apex Tools,PO/2026/1638,FT-1435,Nos,5,14311.28,71556.4,18,12880.15,84436.55,False,False,False,False,False,False,False,0
SB&/2026/080,MISSING_PO,PO 'PO/2026/9061' not found in purchase order master,2026-07-24,V-1011,Sharma Bearings & Co,PO/2026/9061,CP-163,Nos,16,76691.08,1227057.28,18,220870.31,1447927.59,True,False,False,False,False,False,False,1
DPP00232,CLEAN,All checks passed,2026-04-03,FTV-1050,Deccan Polymers Pvt Ltd,PO/2026/1580,SP-105,Nos,50,7766.39,388319.5,18,69897.51,458217.01,False,False,False,False,False,False,False,0
TRP00189,UOM_MISMATCH,"UOM mismatch: invoice='Box(10)', PO='Nos'",2026-08-23,V-1033,Trimurti Rubber Products Pvt Ltd,PO/2026/1412,SP-115,Box(10),15,2800.4,42006.0,18,7561.08,49567.08,False,False,True,False,False,False,False,1
SST00138,GST_ERROR,"GST mismatch: invoice=195292.66, expected=229455.86, diff=34163.20",2025-06-18,V-1041,Sunrise Steel Traders & Co,PO/2026/1561,CP-162,Nos,13,98058.06,1274754.78,18,195292.66,1470047.44,False,False,False,False,False,True,False,1
SH00058,CLEAN,All checks passed,2025-09-28,V-1022,Sharma Hydraulics,PO/2026/1409,SP-117,Nos,30,6680.08,200402.4,18,36072.43,236474.83,False,False,False,False,False,False,False,0
INV-SH-0062,CLEAN,All checks passed,2026-07-03,V-1022,Sharma Hydraulics,PO/2026/1511,CP-111,Nos,9,12769.2,114922.8,18,20686.1,135608.9,False,False,False,False,False,False,False,0
OC00164,GST_ERROR,"GST mismatch: invoice=125996.2, expected=149142.27, diff=23146.07",2026-07-13,V-1021,Om Castings,PO/2026/1462,SM-127,Nos,14,59183.44,828568.16,18,125996.2,954564.36,False,False,False,False,False,True,False,1
SVB/2026/102,GST_ERROR,"GST mismatch: invoice=263070.37, expected=335562.2, diff=72491.83",2026-01-25,V-1029,Sri Venkatesh Bearings,PO/2026/1437,GV-135,Nos,129,14451.43,1864234.47,18,263070.37,2127304.84,False,False,False,False,False,True,False,1
JB&/2026/291,CLEAN,All checks passed,2026-03-13,V-1015,Jyoti Bearings & Co,PO/2026/1555,CP-111,Nos,16,11306.67,180906.72,18,32563.21,213469.93,False,False,False,False,False,False,False,0
HP00211,CLEAN,All checks passed,2025-09-29,V-1037,Hindustan Polymers,PO/2026/1577,BV-128,Nos,50,1914.79,95739.5,18,17233.11,112972.61,False,False,False,False,False,False,False,0
PST/2026/117,CLEAN,All checks passed,2025-08-04,V-1016,Pioneer Steel Traders Pvt Ltd,PO/2026/1551,BV-124,Nos,40,14215.1,568604.0,18,102348.72,670952.72,False,False,False,False,False,False,False,0
NEW00051,RATE_MISMATCH,"Rate mismatch: invoice=52007.84, PO=48887.31, diff=3120.53",2026-07-07,V-1007,National Engineering Works Pvt Ltd,PO/2026/1616,CP-160,Nos,5,52007.84,260039.2,18,46807.06,306846.26,False,False,False,False,True,False,False,1
HP00209,CLEAN,All checks passed,2025-12-08,V-1037,Hindustan Polymers,PO/2026/1450,CP-162,Nos,16,89993.83,1439901.28,18,259182.23,1699083.51,False,False,False,False,False,False,False,0
MRP00233,CLEAN,All checks passed,2025-08-10,V-1004,Mahalaxmi Rubber Products Pvt Ltd,PO/2026/1500,BV-128,Nos,28,1950.59,54616.52,18,9830.97,64447.49,False,False,False,False,False,False,False,0
INV-SVS-0267,CLEAN,All checks passed,2025-10-26,V-1010,Sri Venkatesh Seals & Gaskets,PO/2026/1518,SP-128,Nos,100,1653.75,165375.0,18,29767.5,195142.5,False,False,False,False,False,False,False,0
RTP/2026/188,CLEAN,All checks passed,2026-07-03,FTV-1048,Reliable Tools Pvt Ltd,PO/2026/1448,SP-117,Nos,10,7049.23,70492.3,18,12688.61,83180.91,False,False,False,False,False,False,False,0
INV-AT-0121,CLEAN,All checks passed,2026-04-17,V-1042,Apex Tools,PO/2026/1429,BV-103,Nos,44,16365.35,720075.4,18,129613.57,849688.97,False,False,False,False,False,False,False,0
ST&/2026/257,CLEAN,All checks passed,2026-02-28,V-1031,Supreme Tools & Co,PO/2026/1557,CP-137,Nos,15,157548.08,2363221.2,18,425379.82,2788601.02,False,False,False,False,False,False,False,0
RFP00193,CLEAN,All checks passed,2026-05-28,V-1008,Reliable Fasteners Pvt Ltd,PO/2026/1533,SM-103,Nos,11,56619.22,622811.42,18,112106.06,734917.48,False,False,False,False,False,False,False,0
INV-UP-0149,CLEAN,All checks passed,2025-12-16,V-1039,Universal Polymers,PO/2026/1612,GV-112,Nos,186,10877.59,2023231.74,18,364181.71,2387413.45,False,False,False,False,False,False,False,0
INV-NBP-0068,DUPLICATE_INVOICE,Duplicate invoice,2026-02-11,FTV-1053,Nirmal Bearings Pvt Ltd,PO/2026/1538,CP-172,Nos,11,90781.9,998600.9,18,179748.16,1178349.06,False,False,False,False,False,False,True,1
PFP/2026/108,MISSING_PO,PO 'PO/2026/9062' not found in purchase order master,2025-11-29,V-1014,Perfect Forgings Pvt Ltd,PO/2026/9062,BV-123,Nos,102,2873.54,293101.08,18,52758.19,345859.27,True,False,False,False,False,False,False,1
INV-ST&-0259,CLEAN,All checks passed,2025-11-25,V-1031,Supreme Tools & Co,PO/2026/1406,CP-131,Nos,16,75855.45,1213687.2,18,218463.7,1432150.9,False,False,False,False,False,False,False,0
INV-SRP-0273,CLEAN,All checks passed,2025-10-18,FTV-1049,Sunrise Rubber Products Pvt Ltd,PO/2026/1646,BV-125,Nos,79,23445.25,1852174.75,18,333391.46,2185566.21,False,False,False,False,False,False,False,0
JEW00157,GST_ERROR,"GST mismatch: invoice=279.11, expected=337.81, diff=58.70",2025-12-03,V-1023,Jyoti Engineering Works,PO/2026/1556,SP-107,Nos,10,187.67,1876.7,18,279.11,2155.81,False,False,False,False,False,True,False,1
INV-PP-0278,CLEAN,All checks passed,2026-04-30,FTV-1051,Precision Packaging,PO/2026/1559,CP-159,Nos,3,103838.62,311515.86,18,56072.85,367588.71,False,False,False,False,False,False,False,0
KM/2026/161,CLEAN,All checks passed,2025-10-10,FTV-1046,Kohinoor Metals,PO/2026/1414,SM-106,Nos,5,91837.66,459188.3,18,82653.89,541842.19,False,False,False,False,False,False,False,0
INV-JC-0142,CLEAN,All checks passed,2026-07-16,V-1005,Jyoti Castings,PO/2026/1582,CP-171,Nos,4,144956.88,579827.52,18,104368.95,684196.47,False,False,False,False,False,False,False,0
NBP/2026/065,GST_ERROR,"GST mismatch: invoice=328532.33, expected=492798.49, diff=164266.16",2025-09-25,FTV-1053,Nirmal Bearings Pvt Ltd,PO/2026/1545,CP-108,Nos,20,136888.47,2737769.4,18,328532.33,3066301.73,False,False,False,False,False,True,False,1
AT/2026/126,CLEAN,All checks passed,2025-09-10,V-1042,Apex Tools,PO/2026/1426,BV-118,Nos,87,13261.57,1153756.59,18,207676.19,1361432.78,False,False,False,False,False,False,False,0
INV-AT-0123,CLEAN,All checks passed,2026-07-25,V-1042,Apex Tools,PO/2026/1440,GV-133,Nos,190,1441.28,273843.2,18,49291.78,323134.98,False,False,False,False,False,False,False,0
UST/2026/282,CLEAN,All checks passed,2025-11-25,V-1044,Universal Steel Traders,PO/2026/1610,SM-102,Nos,7,20598.16,144187.12,18,25953.68,170140.8,False,False,False,False,False,False,False,0
MRP00230,CLEAN,All checks passed,2026-04-24,V-1004,Mahalaxmi Rubber Products Pvt Ltd,PO/2026/1488,CP-159,Nos,10,94871.45,948714.5,18,170768.61,1119483.11,False,False,False,False,False,False,False,0
INV-RST-0070,QTY_MISMATCH,"Quantity mismatch: invoice=85.0, PO=84.0",2025-08-05,V-1013,Reliable Steel Traders,PO/2026/1585,BV-113,Nos,85,17427.29,1481319.65,18,266637.54,1747957.19,False,False,False,True,False,False,False,1
RFP00194,DUPLICATE_INVOICE,Duplicate invoice,2026-06-04,V-1008,Reliable Fasteners Pvt Ltd,PO/2026/1533,SM-103,Nos,11,56619.22,622811.42,18,112106.06,734917.48,False,False,False,False,False,False,True,1
PST/2026/115,CLEAN,All checks passed,2025-05-11,V-1016,Pioneer Steel Traders Pvt Ltd,PO/2026/1537,CP-137,Nos,8,150993.33,1207946.64,18,217430.4,1425377.04,False,False,False,False,False,False,False,0
INV-PP-0280,UOM_MISMATCH,"UOM mismatch: invoice='Box(10)', PO='Nos'",2025-05-03,FTV-1051,Precision Packaging,PO/2026/1535,SP-118,Box(10),10,4135.0,41350.0,18,7443.0,48793.0,False,False,True,False,False,False,False,1
JCP/2026/152,VENDOR_MISMATCH,Vendor ID on invoice differs from PO,2026-02-03,V-1057,JYOTI CASTINGS PVT. LTD.,PO/2026/1552,SP-120,Nos,30,3527.97,105839.1,18,19051.04,124890.14,False,True,False,False,False,False,False,1
INV-EF-0151,QTY_MISMATCH,"Quantity mismatch: invoice=2.0, PO=1.0",2025-11-05,V-1009,Everest Forgings,PO/2026/1458,SM-135,Nos,2,28978.9,57957.8,18,10432.4,68390.2,False,False,False,True,False,False,False,1
RST/2026/069,CLEAN,All checks passed,2026-07-06,V-1013,Reliable Steel Traders,PO/2026/1654,SM-127,Nos,2,70325.83,140651.66,18,25317.3,165968.96,False,False,False,False,False,False,False,0
INV-GEP-0197,CLEAN,All checks passed,2025-05-28,V-1020,Ganesh Electricals Pvt Ltd,PO/2026/1499,SP-120,Nos,200,3447.54,689508.0,18,124111.44,813619.44,False,False,False,False,False,False,False,0
JEW00161,QTY_MISMATCH,"Quantity mismatch: invoice=6.0, PO=5.0",2026-07-22,V-1023,Jyoti Engineering Works,PO/2026/1507,SM-134,Nos,6,21419.26,128515.56,18,23132.8,151648.36,False,False,False,True,False,False,False,1
INV-SRP-0276,MISSING_PO,PO 'PO/2026/9086' not found in purchase order master,2026-01-11,FTV-1049,Sunrise Rubber Products Pvt Ltd,PO/2026/9086,SM-106,Nos,1,109795.32,109795.32,18,19763.16,129558.48,True,False,False,False,False,False,False,1
INV-SB&-0082,CLEAN,All checks passed,2026-03-15,V-1011,Sharma Bearings & Co,PO/2026/1623,BV-115,Nos,55,14041.22,772267.1,18,139008.08,911275.18,False,False,False,False,False,False,False,0
INV-PCP-0154,CLEAN,All checks passed,2025-04-09,V-1017,Pioneer Castings Pvt Ltd,PO/2026/1640,SM-114,Nos,6,66384.05,398304.3,18,71694.77,469999.07,False,False,False,False,False,False,False,0
PP00281,CLEAN,All checks passed,2026-03-16,FTV-1051,Precision Packaging,PO/2026/1425,SM-135,Nos,7,25762.57,180337.99,18,32460.84,212798.83,False,False,False,False,False,False,False,0
INV-PE-0236,RATE_MISMATCH,"Rate mismatch: invoice=148.56, PO=142.44, diff=6.12",2026-04-22,V-1036,Precision Electricals,PO/2026/1479,SP-125,Nos,10,148.56,1485.6,18,267.41,1753.01,False,False,False,False,True,False,False,1
INV-RST-0071,CLEAN,All checks passed,2026-05-08,V-1013,Reliable Steel Traders,PO/2026/1432,FT-1421,Nos,19,83518.89,1586858.91,18,285634.6,1872493.51,False,False,False,False,False,False,False,0
INV-GEW-0125,CLEAN,All checks passed,2025-11-15,FTV-1052,Ganesh Engineering Works,PO/2026/1401,CP-162,Nos,7,90611.52,634280.64,18,114170.52,748451.16,False,False,False,False,False,False,False,0
INV-NBP-0066,CLEAN,All checks passed,2026-06-22,FTV-1053,Nirmal Bearings Pvt Ltd,PO/2026/1444,CP-160,Nos,5,47638.86,238194.3,18,42874.97,281069.27,False,False,False,False,False,False,False,0
ME/2026/050,CLEAN,All checks passed,2026-07-17,V-1006,Micro Electricals,PO/2026/1531,CP-173,Nos,14,24999.62,349994.68,18,62999.04,412993.72,False,False,False,False,False,False,False,0
INV-NP-0068,CLEAN,All checks passed,2025-06-06,V-1035,Nirmal Packaging,PO/2026/1471,CP-129,Nos,15,76989.86,1154847.9,18,207872.62,1362720.52,False,False,False,False,False,False,False,0
OC00166,CLEAN,All checks passed,2025-06-17,V-1021,Om Castings,PO/2026/1449,SP-123,Nos,30,156.16,4684.8,18,843.26,5528.06,False,False,False,False,False,False,False,0
RST00067,CLEAN,All checks passed,2026-01-20,V-1013,Reliable Steel Traders,PO/2026/1455,SM-124,Nos,2,111333.76,222667.52,18,40080.15,262747.67,False,False,False,False,False,False,False,0
JC/2026/144,QTY_MISMATCH,"Quantity mismatch: invoice=10.0, PO=8.0",2025-06-27,V-1005,Jyoti Castings,PO/2026/1599,BV-115,Nos,10,12079.74,120797.4,18,21743.53,142540.93,False,False,False,True,False,False,False,1
UST00283,CLEAN,All checks passed,2026-03-25,V-1044,Universal Steel Traders,PO/2026/1598,GV-129,Nos,26,9794.78,254664.28,18,45839.57,300503.85,False,False,False,False,False,False,False,0
INV-NP-0063,RATE_MISMATCH,"Rate mismatch: invoice=5385.6, PO=5044.01, diff=341.59",2025-09-03,V-1019,National Packaging,PO/2026/1510,GV-123,Nos,120,5385.6,646272.0,18,116328.96,762600.96,False,False,False,False,True,False,False,1
KP00194,CLEAN,All checks passed,2025-10-15,V-1003,Krishna Polymers,PO/2026/1463,GV-117,Nos,103,8726.19,898797.57,18,161783.56,1060581.13,False,False,False,False,False,False,False,0
INV-KP&-0286,DUPLICATE_INVOICE,Duplicate invoice,2026-04-10,V-1043,Krishna Packaging & Co,PO/2026/1404,CP-108,Nos,5,121911.47,609557.35,18,109720.32,719277.67,False,False,False,False,False,False,True,1
INV-MEW-0187,QTY_MISMATCH,"Quantity mismatch: invoice=17.0, PO=14.0",2026-06-10,V-1024,Mahalaxmi Engineering Works,PO/2026/1468,SM-118,Nos,17,37450.89,636665.13,18,114599.72,751264.85,False,False,False,True,False,False,False,1
INV-REW-0250,QTY_MISMATCH,"Quantity mismatch: invoice=139.0, PO=138.0",2026-05-25,FTV-1047,Reliable Engineering Works & Co,PO/2026/1422,GV-101,Nos,139,9091.07,1263658.73,18,227458.57,1491117.3,False,False,False,True,False,False,False,1
NEW00052,CLEAN,All checks passed,2026-07-01,V-1007,National Engineering Works Pvt Ltd,PO/2026/1527,SM-102,Nos,14,21786.27,305007.78,18,54901.4,359909.18,False,False,False,False,False,False,False,0
GEP00200,CLEAN,All checks passed,2025-12-26,V-1020,Ganesh Electricals Pvt Ltd,PO/2026/1508,CP-105,Nos,5,113042.53,565212.65,18,101738.28,666950.93,False,False,False,False,False,False,False,0
GEW00127,CLEAN,All checks passed,2026-06-22,FTV-1052,Ganesh Engineering Works,PO/2026/1467,BV-111,Nos,19,5104.61,96987.59,18,17457.77,114445.36,False,False,False,False,False,False,False,0
INV-JEW-0158,CLEAN,All checks passed,2025-10-23,V-1023,Jyoti Engineering Works,PO/2026/1439,SM-116,Nos,6,107165.03,642990.18,18,115738.23,758728.41,False,False,False,False,False,False,False,0
INV-SF&-0239,DUPLICATE_INVOICE,Duplicate invoice,2026-03-12,V-1002,Sharma Forgings & Co,PO/2026/1516,BV-120,Nos,46,23767.61,1093310.06,18,196795.81,1290105.87,False,False,False,False,False,False,True,1
NBP/2026/067,CLEAN,All checks passed,2026-02-01,FTV-1053,Nirmal Bearings Pvt Ltd,PO/2026/1538,CP-172,Nos,11,90781.9,998600.9,18,179748.16,1178349.06,False,False,False,False,False,False,False,0
RFP/2026/191,CLEAN,All checks passed,2025-07-02,V-1008,Reliable Fasteners Pvt Ltd,PO/2026/1539,BV-115,Nos,81,12115.56,981360.36,18,176644.86,1158005.22,False,False,False,False,False,False,False,0
INV-EF-0155,UOM_MISMATCH,"UOM mismatch: invoice='Box(10)', PO='Nos'",2026-07-25,V-1012,Everest Fasteners,PO/2026/1562,FT-1428,Box(10),1,684036.9,684036.9,18,123126.64,807163.54,False,False,True,False,False,False,False,1
INV-OPP-0082,VENDOR_MISMATCH,Vendor ID on invoice differs from PO,2026-06-07,V-1060,OM POLYMERS PVT. LTD.,PO/2026/1517,FT-1414,Nos,2,57913.98,115827.96,18,20849.03,136676.99,False,True,False,False,False,False,False,1
INV-MRP-0232,CLEAN,All checks passed,2026-07-18,V-1004,Mahalaxmi Rubber Products Pvt Ltd,PO/2026/1644,FT-1428,Nos,3,60599.19,181797.57,18,32723.56,214521.13,False,False,False,False,False,False,False,0
INV-TRP-0187,CLEAN,All checks passed,2025-05-20,V-1033,Trimurti Rubber Products Pvt Ltd,PO/2026/1519,CP-131,Nos,14,79279.24,1109909.36,18,199783.68,1309693.04,False,False,False,False,False,False,False,0
DPP/2026/233,GST_ERROR,"GST mismatch: invoice=98370.53, expected=121251.39, diff=22880.86",2025-06-29,FTV-1050,Deccan Polymers Pvt Ltd,PO/2026/1504,GV-123,Nos,124,5432.41,673618.84,18,98370.53,771989.37,False,False,False,False,False,True,False,1
PST00114,QTY_MISMATCH,"Quantity mismatch: invoice=161.0, PO=141.0",2026-08-11,V-1016,Pioneer Steel Traders Pvt Ltd,PO/2026/1525,GV-128,Nos,161,5129.58,825862.38,18,148655.23,974517.61,False,False,False,True,False,False,False,1
OP00276,CLEAN,All checks passed,2025-07-03,V-1001,Om Polymers,PO/2026/1477,BV-103,Nos,25,15160.58,379014.5,18,68222.61,447237.11,False,False,False,False,False,False,False,0
INV-HP-0213,CLEAN,All checks passed,2026-01-27,V-1037,Hindustan Polymers,PO/2026/1597,GV-114,Nos,96,14033.24,1347191.04,18,242494.39,1589685.43,False,False,False,False,False,False,False,0
GEP/2026/199,CLEAN,All checks passed,2026-02-05,V-1020,Ganesh Electricals Pvt Ltd,PO/2026/1648,SM-134,Nos,4,18349.52,73398.08,18,13211.65,86609.73,False,False,False,False,False,False,False,0
INV-UST-0284,CLEAN,All checks passed,2026-06-25,V-1044,Universal Steel Traders,PO/2026/1609,FT-1428,Nos,8,68564.43,548515.44,18,98732.78,647248.22,False,False,False,False,False,False,False,0
HP00214,MISSING_PO,PO 'PO/2026/9095' not found in purchase order master,2026-05-10,V-1037,Hindustan Polymers,PO/2026/9095,CP-137,Nos,4,147027.78,588111.12,18,105860.0,693971.12,True,False,False,False,False,False,False,1
NEW/2026/047,CLEAN,All checks passed,2026-06-21,V-1007,National Engineering Works Pvt Ltd,PO/2026/1658,GV-135,Nos,79,13440.99,1061838.21,18,191130.88,1252969.09,False,False,False,False,False,False,False,0
JEW/2026/160,CLEAN,All checks passed,2026-02-01,V-1023,Jyoti Engineering Works,PO/2026/1532,SP-109,Nos,20,4119.77,82395.4,18,14831.17,97226.57,False,False,False,False,False,False,False,0
HM&/2026/145,CLEAN,All checks passed,2026-08-28,V-1025,Hindustan Metals & Co,PO/2026/1492,SP-105,Nos,50,6443.42,322171.0,18,57990.78,380161.78,False,False,False,False,False,False,False,0
HM&/2026/146,CLEAN,All checks passed,2026-04-12,V-1025,Hindustan Metals & Co,PO/2026/1653,CP-114,Nos,14,101725.7,1424159.8,18,256348.76,1680508.56,False,False,False,False,False,False,False,0
INV-KF-0208,CLEAN,All checks passed,2025-08-24,V-1030,Krishna Forgings,PO/2026/1427,BV-115,Nos,33,11173.52,368726.16,18,66370.71,435096.87,False,False,False,False,False,False,False,0
DPP/2026/234,CLEAN,All checks passed,2025-09-25,FTV-1050,Deccan Polymers Pvt Ltd,PO/2026/1594,CP-105,Nos,15,107988.66,1619829.9,18,291569.38,1911399.28,False,False,False,False,False,False,False,0
INV-SB&-0083,CLEAN,All checks passed,2025-06-17,V-1011,Sharma Bearings & Co,PO/2026/1498,SM-139,Nos,11,71854.42,790398.62,18,142271.75,932670.37,False,False,False,False,False,False,False,0
PCP/2026/157,QTY_MISMATCH,"Quantity mismatch: invoice=10.0, PO=9.0",2026-01-26,V-1017,Pioneer Castings Pvt Ltd,PO/2026/1583,CP-152,Nos,10,88559.15,885591.5,18,159406.47,1044997.97,False,False,False,True,False,False,False,1
SF&/2026/237,CLEAN,All checks passed,2025-09-15,V-1002,Sharma Forgings & Co,PO/2026/1656,CP-152,Nos,3,83968.39,251905.17,18,45342.93,297248.1,False,False,False,False,False,False,False,0
KP00197,MISSING_PO,PO 'PO/2026/9280' not found in purchase order master,2025-05-13,V-1003,Krishna Polymers,PO/2026/9280,CP-119,Nos,19,118638.93,2254139.67,18,405745.14,2659884.81,True,False,False,False,False,False,False,1
AT/2026/124,CLEAN,All checks passed,2025-09-27,V-1042,Apex Tools,PO/2026/1548,CP-140,Nos,2,120726.18,241452.36,18,43461.42,284913.78,False,False,False,False,False,False,False,0
JCP/2026/156,VENDOR_MISMATCH,Vendor ID on invoice differs from PO,2026-06-06,V-1057,JYOTI CASTINGS PVT. LTD.,PO/2026/1636,GV-102,Nos,133,19608.08,2607874.64,18,469417.44,3077292.08,False,True,False,False,False,False,False,1
INV-SP&-0293,RATE_MISMATCH,"Rate mismatch: invoice=97649.73, PO=90243.7, diff=7406.03",2026-01-12,V-1040,Sharma Packaging & Co,PO/2026/1445,CP-114,Nos,7,97649.73,683548.11,18,123038.66,806586.77,False,False,False,False,True,False,False,1
